game_id,turn,player,move_type,move_i,move_j,phase,completed_box,score_before,score_after
1,1,VLM,v,1,3,early,False,0,0
1,2,Bot,h,1,3,early,False,0,0
1,3,VLM,v,2,4,early,False,0,0
1,4,Bot,h,0,0,early,False,0,0
1,5,VLM,h,1,0,early,False,0,0
1,6,Bot,v,0,2,early,False,0,0
1,7,VLM,h,3,0,early,False,0,0
1,8,Bot,v,0,0,early,False,0,0
1,9,VLM,v,0,1,early,True,0,0
1,10,VLM,v,2,3,early,False,0,0
1,11,Bot,h,1,1,mid,False,1,1
1,12,VLM,h,0,1,mid,True,0,0
1,13,VLM,v,3,4,mid,False,0,0
1,14,Bot,v,1,1,mid,False,2,2
1,15,VLM,h,1,2,mid,False,0,0
1,16,Bot,h,4,3,mid,False,2,2
1,17,VLM,h,4,1,mid,False,0,0
1,18,Bot,h,3,3,mid,False,2,2
1,19,VLM,h,2,3,mid,True,0,0
1,20,VLM,v,1,4,mid,True,0,0
1,21,VLM,v,3,3,mid,True,0,0
1,22,VLM,v,3,1,mid,False,0,0
1,23,Bot,h,2,2,mid,False,5,5
1,24,VLM,v,1,2,mid,True,0,0
1,25,VLM,h,2,1,mid,True,0,0
1,26,VLM,h,4,2,mid,False,0,0
1,27,Bot,v,2,2,late,False,7,7
1,28,VLM,h,3,2,late,True,0,0
1,29,VLM,v,3,2,late,True,0,0
1,30,VLM,h,3,1,late,True,0,0
1,31,VLM,v,2,1,late,True,0,0
1,32,VLM,v,0,4,late,False,0,0
1,33,Bot,v,2,0,late,False,11,11
1,34,VLM,h,2,0,late,True,0,0
1,35,VLM,v,1,0,late,True,0,0
1,36,VLM,h,0,3,late,False,0,0
1,37,Bot,h,4,0,late,False,13,13
1,38,VLM,v,0,3,late,True,0,0
1,39,VLM,h,0,2,late,True,0,0
1,40,VLM,v,3,0,late,True,0,0
2,1,VLM,h,0,0,early,False,0,0
2,2,Bot,v,0,2,early,False,0,0
2,3,VLM,v,0,1,early,False,0,0
2,4,Bot,v,2,2,early,False,0,0
2,5,VLM,v,1,0,early,False,0,0
2,6,Bot,h,3,1,early,False,0,0
2,7,VLM,v,1,2,early,False,0,0
2,8,Bot,h,0,3,early,False,0,0
2,9,VLM,v,0,3,early,False,0,0
2,10,Bot,h,4,2,early,False,0,0
2,11,VLM,v,1,3,mid,False,0,0
2,12,Bot,h,2,3,mid,False,0,0
2,13,VLM,h,3,3,mid,False,0,0
2,14,Bot,h,3,0,mid,False,0,0
2,15,VLM,v,3,4,mid,False,0,0
2,16,Bot,v,1,1,mid,False,0,0
2,17,VLM,v,3,0,mid,False,0,0
2,18,Bot,h,4,1,mid,False,0,0
2,19,VLM,h,3,2,mid,False,0,0
2,20,Bot,v,2,0,mid,False,0,0
2,21,VLM,v,0,4,mid,False,0,0
2,22,Bot,h,1,3,mid,True,0,0
2,23,Bot,v,1,4,mid,True,0,0
2,24,Bot,v,2,4,mid,False,0,0
2,25,VLM,v,2,3,mid,True,2,2
2,26,VLM,h,2,2,mid,True,2,2
2,27,VLM,h,1,2,late,True,2,2
2,28,VLM,h,0,2,late,True,2,2
2,29,VLM,v,3,3,late,False,2,2
2,30,Bot,h,4,3,late,True,4,4
2,31,Bot,v,3,2,late,True,4,4
2,32,Bot,v,3,1,late,True,4,4
2,33,Bot,h,4,0,late,True,4,4
2,34,Bot,v,2,1,late,False,4,4
2,35,VLM,h,2,1,late,True,6,6
2,36,VLM,h,2,0,late,True,6,6
2,37,VLM,h,1,0,late,True,6,6
2,38,VLM,h,1,1,late,True,6,6
2,39,VLM,h,0,1,late,True,6,6
2,40,VLM,v,0,0,late,True,6,6
3,1,VLM,v,0,2,early,False,0,0
3,2,Bot,v,1,1,early,False,0,0
3,3,VLM,v,1,2,early,False,0,0
3,4,Bot,v,1,3,early,False,0,0
3,5,VLM,v,2,2,early,False,0,0
3,6,Bot,h,1,0,early,False,0,0
3,7,VLM,v,3,2,early,False,0,0
3,8,Bot,v,0,1,early,False,0,0
3,9,VLM,v,0,3,early,False,0,0
3,10,Bot,h,1,3,early,False,0,0
3,11,VLM,v,2,4,mid,False,0,0
3,12,Bot,v,3,0,mid,False,0,0
3,13,VLM,v,2,3,mid,False,0,0
3,14,Bot,v,3,1,mid,False,0,0
3,15,VLM,v,2,1,mid,False,0,0
3,16,Bot,v,2,0,mid,False,0,0
3,17,VLM,h,4,2,mid,False,0,0
3,18,Bot,h,4,3,mid,False,0,0
3,19,VLM,v,0,4,mid,False,0,0
3,20,Bot,h,0,3,mid,True,0,0
3,21,Bot,v,3,4,mid,False,0,0
3,22,VLM,v,0,0,mid,False,1,1
3,23,Bot,h,0,0,mid,True,0,0
3,24,Bot,h,4,0,mid,False,0,0
3,25,VLM,h,3,0,mid,True,2,2
3,26,VLM,h,2,0,mid,True,2,2
3,27,VLM,v,1,0,late,True,2,2
3,28,VLM,h,4,1,late,False,2,2
3,29,Bot,h,3,1,late,True,3,3
3,30,Bot,h,2,1,late,True,3,3
3,31,Bot,h,1,1,late,True,3,3
3,32,Bot,h,0,1,late,True,3,3
3,33,Bot,v,3,3,late,False,3,3
3,34,VLM,h,3,2,late,True,6,6
3,35,VLM,h,3,3,late,True,6,6
3,36,VLM,h,2,2,late,True,6,6
3,37,VLM,h,2,3,late,True,6,6
3,38,VLM,h,1,2,late,True,6,6
3,39,VLM,h,0,2,late,True,6,6
3,40,VLM,v,1,4,late,True,6,6
4,1,VLM,h,3,1,early,False,0,0
4,2,Bot,h,0,1,early,False,0,0
4,3,VLM,h,1,2,early,False,0,0
4,4,Bot,h,0,2,early,False,0,0
4,5,VLM,v,3,3,early,False,0,0
4,6,Bot,h,2,2,early,False,0,0
4,7,VLM,h,1,0,early,False,0,0
4,8,Bot,h,0,3,early,False,0,0
4,9,VLM,v,3,2,early,False,0,0
4,10,Bot,h,3,0,early,False,0,0
4,11,VLM,h,0,0,mid,False,0,0
4,12,Bot,h,3,3,mid,False,0,0
4,13,VLM,h,2,1,mid,False,0,0
4,14,Bot,v,1,4,mid,False,0,0
4,15,VLM,h,2,3,mid,False,0,0
4,16,Bot,v,3,4,mid,False,0,0
4,17,VLM,h,4,3,mid,True,0,0
4,18,VLM,h,1,1,mid,False,0,0
4,19,Bot,v,3,0,mid,False,1,1
4,20,VLM,h,2,0,mid,False,0,0
4,21,Bot,v,1,1,mid,False,1,1
4,22,VLM,v,1,0,mid,True,0,0
4,23,VLM,v,1,2,mid,True,0,0
4,24,VLM,v,1,3,mid,True,0,0
4,25,VLM,h,1,3,mid,True,0,0
4,26,VLM,v,2,1,mid,False,0,0
4,27,Bot,v,2,0,late,True,5,5
4,28,Bot,v,2,3,late,False,5,5
4,29,VLM,v,2,2,late,True,1,1
4,30,VLM,h,3,2,late,True,1,1
4,31,VLM,h,4,2,late,True,1,1
4,32,VLM,v,2,4,late,True,1,1
4,33,VLM,v,0,3,late,False,1,1
4,34,Bot,v,0,0,late,False,9,9
4,35,VLM,v,0,1,late,True,1,1
4,36,VLM,v,0,2,late,True,1,1
4,37,VLM,v,0,4,late,True,1,1
4,38,VLM,h,4,0,late,False,1,1
4,39,Bot,v,3,1,late,True,13,13
4,40,Bot,h,4,1,late,True,13,13
5,1,VLM,h,1,2,early,False,0,0
5,2,Bot,h,1,1,early,False,0,0
5,3,VLM,h,1,3,early,False,0,0
5,4,Bot,v,2,0,early,False,0,0
5,5,VLM,h,1,0,early,False,0,0
5,6,Bot,v,2,4,early,False,0,0
5,7,VLM,h,0,0,early,False,0,0
5,8,Bot,v,0,3,early,False,0,0
5,9,VLM,h,0,1,early,False,0,0
5,10,Bot,h,2,2,early,False,0,0
5,11,VLM,h,2,3,mid,False,0,0
5,12,Bot,v,1,1,mid,False,0,0
5,13,VLM,v,2,1,mid,False,0,0
5,14,Bot,h,3,1,mid,False,0,0
5,15,VLM,v,3,1,mid,False,0,0
5,16,Bot,v,3,0,mid,False,0,0
5,17,VLM,h,3,2,mid,False,0,0
5,18,Bot,h,4,3,mid,False,0,0
5,19,VLM,h,4,2,mid,False,0,0
5,20,Bot,v,3,4,mid,False,0,0
5,21,VLM,v,1,0,mid,False,0,0
5,22,Bot,h,2,0,mid,True,0,0
5,23,Bot,h,3,0,mid,True,0,0
5,24,Bot,h,4,0,mid,True,0,0
5,25,Bot,v,0,2,mid,False,0,0
5,26,VLM,v,0,1,mid,True,3,3
5,27,VLM,v,0,0,late,True,3,3
5,28,VLM,h,0,2,late,True,3,3
5,29,VLM,h,0,3,late,False,3,3
5,30,Bot,v,0,4,late,True,3,3
5,31,Bot,h,3,3,late,False,3,3
5,32,VLM,v,2,3,late,True,4,4
5,33,VLM,v,3,3,late,True,4,4
5,34,VLM,v,3,2,late,True,4,4
5,35,VLM,h,4,1,late,True,4,4
5,36,VLM,v,2,2,late,True,4,4
5,37,VLM,h,2,1,late,True,4,4
5,38,VLM,v,1,2,late,True,4,4
5,39,VLM,v,1,3,late,True,4,4
5,40,VLM,v,1,4,late,True,4,4
6,1,VLM,v,0,2,early,False,0,0
6,2,Bot,h,2,2,early,False,0,0
6,3,VLM,v,1,2,early,False,0,0
6,4,Bot,h,3,1,early,False,0,0
6,5,VLM,v,2,2,early,False,0,0
6,6,Bot,v,3,4,early,False,0,0
6,7,VLM,v,3,2,early,False,0,0
6,8,Bot,h,3,3,early,False,0,0
6,9,VLM,v,0,4,early,False,0,0
6,10,Bot,v,3,0,early,False,0,0
6,11,VLM,v,1,4,mid,False,0,0
6,12,Bot,h,2,0,mid,False,0,0
6,13,VLM,v,2,4,mid,False,0,0
6,14,Bot,v,0,1,mid,False,0,0
6,15,VLM,v,0,0,mid,False,0,0
6,16,Bot,v,1,1,mid,False,0,0
6,17,VLM,h,4,2,mid,False,0,0
6,18,Bot,h,0,2,mid,False,0,0
6,19,VLM,h,1,3,mid,False,0,0
6,20,Bot,v,2,0,mid,False,0,0
6,21,VLM,h,0,0,mid,False,0,0
6,22,Bot,h,1,0,mid,True,0,0
6,23,Bot,v,1,0,mid,True,0,0
6,24,Bot,h,4,0,mid,False,0,0
6,25,VLM,h,0,1,mid,False,2,2
6,26,Bot,h,1,1,mid,True,0,0
6,27,Bot,h,2,1,late,True,0,0
6,28,Bot,v,2,1,late,True,0,0
6,29,Bot,h,3,0,late,True,0,0
6,30,Bot,v,3,1,late,True,0,0
6,31,Bot,h,4,1,late,True,0,0
6,32,Bot,v,2,3,late,False,0,0
6,33,VLM,h,2,3,late,True,8,8
6,34,VLM,h,3,2,late,True,8,8
6,35,VLM,v,3,3,late,True,8,8
6,36,VLM,h,4,3,late,True,8,8
6,37,VLM,v,1,3,late,True,8,8
6,38,VLM,h,1,2,late,True,8,8
6,39,VLM,v,0,3,late,True,8,8
6,40,VLM,h,0,3,late,True,8,8
7,1,VLM,h,0,0,early,False,0,0
7,2,Bot,h,1,1,early,False,0,0
7,3,VLM,h,0,1,early,False,0,0
7,4,Bot,h,4,1,early,False,0,0
7,5,VLM,h,0,2,early,False,0,0
7,6,Bot,h,3,1,early,False,0,0
7,7,VLM,h,0,3,early,False,0,0
7,8,Bot,h,1,0,early,False,0,0
7,9,VLM,h,1,2,early,False,0,0
7,10,Bot,v,3,4,early,False,0,0
7,11,VLM,h,1,3,mid,False,0,0
7,12,Bot,h,2,3,mid,False,0,0
7,13,VLM,h,2,2,mid,False,0,0
7,14,Bot,h,2,0,mid,False,0,0
7,15,VLM,h,2,1,mid,False,0,0
7,16,Bot,h,3,0,mid,False,0,0
7,17,VLM,h,3,2,mid,False,0,0
7,18,Bot,h,3,3,mid,False,0,0
7,19,VLM,h,4,0,mid,False,0,0
7,20,Bot,h,4,2,mid,False,0,0
7,21,VLM,v,0,4,mid,False,0,0
7,22,Bot,v,0,3,mid,True,0,0
7,23,Bot,v,0,2,mid,True,0,0
7,24,Bot,v,0,1,mid,True,0,0
7,25,Bot,v,0,0,mid,True,0,0
7,26,Bot,v,3,1,mid,False,0,0
7,27,VLM,v,3,2,late,True,4,4
7,28,VLM,v,3,0,late,True,4,4
7,29,VLM,v,3,3,late,True,4,4
7,30,VLM,h,4,3,late,True,4,4
7,31,VLM,v,2,4,late,False,4,4
7,32,Bot,v,2,3,late,True,4,4
7,33,Bot,v,2,2,late,True,4,4
7,34,Bot,v,2,1,late,True,4,4
7,35,Bot,v,2,0,late,True,4,4
7,36,Bot,v,1,3,late,False,4,4
7,37,VLM,v,1,4,late,True,8,8
7,38,VLM,v,1,2,late,True,8,8
7,39,VLM,v,1,1,late,True,8,8
7,40,VLM,v,1,0,late,True,8,8
8,1,VLM,h,0,0,early,False,0,0
8,2,Bot,v,3,2,early,False,0,0
8,3,VLM,h,0,1,early,False,0,0
8,4,Bot,h,2,0,early,False,0,0
8,5,VLM,h,0,2,early,False,0,0
8,6,Bot,v,1,1,early,False,0,0
8,7,VLM,h,0,3,early,False,0,0
8,8,Bot,v,1,4,early,False,0,0
8,9,VLM,h,1,3,early,False,0,0
8,10,Bot,h,4,3,early,False,0,0
8,11,VLM,h,1,2,mid,False,0,0
8,12,Bot,v,3,3,mid,False,0,0
8,13,VLM,h,1,1,mid,False,0,0
8,14,Bot,v,2,1,mid,False,0,0
8,15,VLM,h,2,2,mid,False,0,0
8,16,Bot,h,3,1,mid,False,0,0
8,17,VLM,v,2,3,mid,False,0,0
8,18,Bot,v,0,0,mid,False,0,0
8,19,VLM,h,4,0,mid,False,0,0
8,20,Bot,v,2,4,mid,False,0,0
8,21,VLM,v,3,0,mid,False,0,0
8,22,Bot,h,3,0,mid,False,0,0
8,23,VLM,v,3,1,mid,True,0,0
8,24,VLM,h,4,1,mid,True,0,0
8,25,VLM,v,2,0,mid,True,0,0
8,26,VLM,v,1,0,mid,False,0,0
8,27,Bot,h,1,0,late,True,3,3
8,28,Bot,v,0,1,late,True,3,3
8,29,Bot,v,0,2,late,True,3,3
8,30,Bot,v,0,3,late,True,3,3
8,31,Bot,v,0,4,late,True,3,3
8,32,Bot,h,2,1,late,False,3,3
8,33,VLM,v,2,2,late,True,5,5
8,34,VLM,v,1,2,late,True,5,5
8,35,VLM,v,1,3,late,True,5,5
8,36,VLM,h,2,3,late,True,5,5
8,37,VLM,h,3,2,late,True,5,5
8,38,VLM,h,3,3,late,True,5,5
8,39,VLM,h,4,2,late,True,5,5
8,40,VLM,v,3,4,late,True,5,5
9,1,VLM,h,0,0,early,False,0,0
9,2,Bot,v,1,0,early,False,0,0
9,3,VLM,h,0,1,early,False,0,0
9,4,Bot,v,2,4,early,False,0,0
9,5,VLM,h,0,2,early,False,0,0
9,6,Bot,h,1,2,early,False,0,0
9,7,VLM,h,0,3,early,False,0,0
9,8,Bot,v,3,2,early,False,0,0
9,9,VLM,h,1,3,early,False,0,0
9,10,Bot,h,4,3,early,False,0,0
9,11,VLM,h,1,1,mid,False,0,0
9,12,Bot,h,2,3,mid,False,0,0
9,13,VLM,h,1,0,mid,False,0,0
9,14,Bot,h,4,0,mid,False,0,0
9,15,VLM,h,2,1,mid,False,0,0
9,16,Bot,v,3,4,mid,False,0,0
9,17,VLM,h,2,2,mid,False,0,0
9,18,Bot,v,3,0,mid,False,0,0
9,19,VLM,h,3,1,mid,False,0,0
9,20,Bot,h,4,2,mid,False,0,0
9,21,VLM,v,2,0,mid,False,0,0
9,22,Bot,v,1,3,mid,False,0,0
9,23,VLM,v,1,4,mid,True,0,0
9,24,VLM,v,1,2,mid,True,0,0
9,25,VLM,v,1,1,mid,True,0,0
9,26,VLM,h,2,0,mid,True,0,0
9,27,VLM,h,3,0,late,False,0,0
9,28,Bot,v,2,1,late,True,4,4
9,29,Bot,v,2,2,late,True,4,4
9,30,Bot,v,3,1,late,True,4,4
9,31,Bot,h,4,1,late,True,4,4
9,32,Bot,v,3,3,late,False,4,4
9,33,VLM,h,3,2,late,True,4,4
9,34,VLM,v,2,3,late,True,4,4
9,35,VLM,h,3,3,late,True,4,4
9,36,VLM,v,0,4,late,False,4,4
9,37,Bot,v,0,3,late,True,8,8
9,38,Bot,v,0,2,late,True,8,8
9,39,Bot,v,0,1,late,True,8,8
9,40,Bot,v,0,0,late,True,8,8
10,1,VLM,h,0,0,early,False,0,0
10,2,Bot,v,0,0,early,False,0,0
10,3,VLM,h,0,1,early,False,0,0
10,4,Bot,v,0,2,early,False,0,0
10,5,VLM,h,0,2,early,False,0,0
10,6,Bot,v,2,4,early,False,0,0
10,7,VLM,h,0,3,early,False,0,0
10,8,Bot,v,2,0,early,False,0,0
10,9,VLM,h,1,3,early,False,0,0
10,10,Bot,v,3,2,early,False,0,0
10,11,VLM,h,2,0,mid,False,0,0
10,12,Bot,h,2,2,mid,False,0,0
10,13,VLM,h,2,1,mid,False,0,0
10,14,Bot,v,2,2,mid,False,0,0
10,15,VLM,h,2,3,mid,False,0,0
10,16,Bot,v,1,2,mid,False,0,0
10,17,VLM,h,4,0,mid,False,0,0
10,18,Bot,v,3,3,mid,False,0,0
10,19,VLM,v,3,1,mid,False,0,0
10,20,Bot,v,3,4,mid,False,0,0
10,21,VLM,v,1,0,mid,False,0,0
10,22,Bot,h,1,0,mid,False,0,0
10,23,VLM,v,1,1,mid,True,0,0
10,24,VLM,v,0,1,mid,True,0,0
10,25,VLM,h,1,1,mid,True,0,0
10,26,VLM,v,3,0,mid,False,0,0
10,27,Bot,h,3,0,late,True,4,4
10,28,Bot,v,2,1,late,True,4,4
10,29,Bot,h,3,1,late,True,4,4
10,30,Bot,h,4,1,late,True,4,4
10,31,Bot,v,2,3,late,False,4,4
10,32,VLM,h,3,2,late,True,4,4
10,33,VLM,h,3,3,late,True,4,4
10,34,VLM,h,4,3,late,True,4,4
10,35,VLM,h,4,2,late,True,4,4
10,36,VLM,h,1,2,late,False,4,4
10,37,Bot,v,0,3,late,True,8,8
10,38,Bot,v,0,4,late,True,8,8
10,39,Bot,v,1,3,late,True,8,8
10,40,Bot,v,1,4,late,True,8,8
11,1,VLM,v,0,0,early,False,0,0
11,2,Bot,v,0,3,early,False,0,0
11,3,VLM,v,0,1,early,False,0,0
11,4,Bot,v,3,4,early,False,0,0
11,5,VLM,h,1,1,early,False,0,0
11,6,Bot,h,0,3,early,False,0,0
11,7,VLM,v,1,1,early,False,0,0
11,8,Bot,h,4,3,early,False,0,0
11,9,VLM,v,2,1,early,False,0,0
11,10,Bot,v,1,3,early,False,0,0
11,11,VLM,h,2,3,mid,False,0,0
11,12,Bot,h,3,0,mid,False,0,0
11,13,VLM,v,3,2,mid,False,0,0
11,14,Bot,h,4,2,mid,False,0,0
11,15,VLM,h,4,0,mid,False,0,0
11,16,Bot,h,2,2,mid,False,0,0
11,17,VLM,v,1,0,mid,False,0,0
11,18,Bot,h,0,2,mid,False,0,0
11,19,VLM,v,2,2,mid,False,0,0
11,20,Bot,h,4,1,mid,False,0,0
11,21,VLM,v,2,4,mid,False,0,0
11,22,Bot,v,3,0,mid,False,0,0
11,23,VLM,v,3,1,mid,True,0,0
11,24,VLM,h,3,1,mid,True,0,0
11,25,VLM,h,2,1,mid,True,0,0
11,26,VLM,v,1,2,mid,True,0,0
11,27,VLM,h,1,2,late,True,0,0
11,28,VLM,v,0,2,late,True,0,0
11,29,VLM,h,0,1,late,True,0,0
11,30,VLM,v,0,4,late,False,0,0
11,31,Bot,h,1,3,late,True,7,7
11,32,Bot,v,1,4,late,True,7,7
11,33,Bot,h,1,0,late,False,7,7
11,34,VLM,h,0,0,late,True,2,2
11,35,VLM,h,2,0,late,True,2,2
11,36,VLM,v,2,0,late,True,2,2
11,37,VLM,h,3,2,late,False,2,2
11,38,Bot,v,2,3,late,True,10,10
11,39,Bot,h,3,3,late,True,10,10
11,40,Bot,v,3,3,late,True,10,10
12,1,VLM,h,0,0,early,False,0,0
12,2,Bot,v,2,2,early,False,0,0
12,3,VLM,h,0,2,early,False,0,0
12,4,Bot,v,2,1,early,False,0,0
12,5,VLM,v,1,4,early,False,0,0
12,6,Bot,h,1,0,early,False,0,0
12,7,VLM,h,4,0,early,False,0,0
12,8,Bot,h,3,2,early,False,0,0
12,9,VLM,h,4,2,early,False,0,0
12,10,Bot,v,1,3,early,False,0,0
12,11,VLM,v,0,4,mid,False,0,0
12,12,Bot,v,1,2,mid,False,0,0
12,13,VLM,h,3,0,mid,False,0,0
12,14,Bot,h,3,3,mid,False,0,0
12,15,VLM,v,3,4,mid,False,0,0
12,16,Bot,h,4,1,mid,False,0,0
12,17,VLM,v,0,3,mid,False,0,0
12,18,Bot,h,0,1,mid,False,0,0
12,19,VLM,v,1,0,mid,False,0,0
12,20,Bot,h,1,1,mid,False,0,0
12,21,VLM,v,3,0,mid,False,0,0
12,22,Bot,h,4,3,mid,False,0,0
12,23,VLM,v,2,4,mid,False,0,0
12,24,Bot,v,3,1,mid,True,0,0
12,25,Bot,v,3,3,mid,True,0,0
12,26,Bot,v,3,2,mid,True,0,0
12,27,Bot,h,3,1,late,True,0,0
12,28,Bot,h,2,1,late,True,0,0
12,29,Bot,v,1,1,late,True,0,0
12,30,Bot,h,2,0,late,True,0,0
12,31,Bot,v,2,0,late,True,0,0
12,32,Bot,h,0,3,late,False,0,0
12,33,VLM,h,1,3,late,True,8,8
12,34,VLM,h,2,3,late,True,8,8
12,35,VLM,v,2,3,late,True,8,8
12,36,VLM,h,2,2,late,True,8,8
12,37,VLM,h,1,2,late,True,8,8
12,38,VLM,v,0,2,late,True,8,8
12,39,VLM,v,0,1,late,True,8,8
12,40,VLM,v,0,0,late,True,8,8
13,1,VLM,v,0,1,early,False,0,0
13,2,Bot,h,0,2,early,False,0,0
13,3,VLM,v,1,1,early,False,0,0
13,4,Bot,v,0,2,early,False,0,0
13,5,VLM,h,1,2,early,False,0,0
13,6,Bot,v,0,3,early,True,0,0
13,7,Bot,v,2,2,early,False,0,0
13,8,VLM,v,1,2,early,False,1,1
13,9,Bot,v,3,1,early,False,0,0
13,10,VLM,v,2,3,early,False,1,1
13,11,Bot,h,4,0,mid,False,0,0
13,12,VLM,v,3,3,mid,False,1,1
13,13,Bot,v,1,0,mid,False,0,0
13,14,VLM,v,3,2,mid,False,1,1
13,15,Bot,v,2,1,mid,False,0,0
13,16,VLM,h,0,3,mid,False,1,1
13,17,Bot,h,0,0,mid,False,0,0
13,18,VLM,h,3,0,mid,False,1,1
13,19,Bot,v,3,0,mid,True,0,0
13,20,Bot,v,3,4,mid,False,0,0
13,21,VLM,h,2,3,mid,False,2,2
13,22,Bot,v,1,4,mid,False,0,0
13,23,VLM,h,4,3,mid,False,2,2
13,24,Bot,h,3,3,mid,True,0,0
13,25,Bot,v,2,4,mid,True,0,0
13,26,Bot,v,2,0,mid,False,0,0
13,27,VLM,h,2,0,late,True,4,4
13,28,VLM,h,1,0,late,True,4,4
13,29,VLM,v,0,0,late,True,4,4
13,30,VLM,h,0,1,late,False,4,4
13,31,Bot,h,1,1,late,True,3,3
13,32,Bot,h,2,1,late,True,3,3
13,33,Bot,h,3,1,late,True,3,3
13,34,Bot,h,4,1,late,True,3,3
13,35,Bot,h,3,2,late,False,3,3
13,36,VLM,h,2,2,late,True,8,8
13,37,VLM,h,4,2,late,True,8,8
13,38,VLM,v,1,3,late,True,8,8
13,39,VLM,h,1,3,late,True,8,8
13,40,VLM,v,0,4,late,True,8,8
14,1,VLM,v,0,0,early,False,0,0
14,2,Bot,v,0,3,early,False,0,0
14,3,VLM,h,0,0,early,False,0,0
14,4,Bot,v,3,0,early,False,0,0
14,5,VLM,v,0,4,early,False,0,0
14,6,Bot,h,2,2,early,False,0,0
14,7,VLM,v,3,4,early,False,0,0
14,8,Bot,h,3,3,early,False,0,0
14,9,VLM,h,4,0,early,False,0,0
14,10,Bot,h,2,3,early,False,0,0
14,11,VLM,v,2,1,mid,False,0,0
14,12,Bot,h,0,1,mid,False,0,0
14,13,VLM,v,1,1,mid,False,0,0
14,14,Bot,v,1,2,mid,False,0,0
14,15,VLM,h,3,1,mid,False,0,0
14,16,Bot,h,4,1,mid,False,0,0
14,17,VLM,h,3,2,mid,False,0,0
14,18,Bot,v,1,4,mid,False,0,0
14,19,VLM,h,4,2,mid,False,0,0
14,20,Bot,v,0,2,mid,False,0,0
14,21,VLM,h,0,3,mid,False,0,0
14,22,Bot,h,1,3,mid,True,0,0
14,23,Bot,v,1,3,mid,True,0,0
14,24,Bot,h,1,2,mid,True,0,0
14,25,Bot,h,0,2,mid,True,0,0
14,26,Bot,h,2,0,mid,False,0,0
14,27,VLM,v,3,3,late,False,4,4
14,28,Bot,h,4,3,late,True,0,0
14,29,Bot,v,3,2,late,True,0,0
14,30,Bot,v,3,1,late,True,0,0
14,31,Bot,h,3,0,late,True,0,0
14,32,Bot,v,2,0,late,True,0,0
14,33,Bot,h,1,1,late,False,0,0
14,34,VLM,h,2,1,late,True,9,9
14,35,VLM,v,0,1,late,True,9,9
14,36,VLM,h,1,0,late,True,9,9
14,37,VLM,v,1,0,late,True,9,9
14,38,VLM,v,2,2,late,True,9,9
14,39,VLM,v,2,3,late,True,9,9
14,40,VLM,v,2,4,late,True,9,9
15,1,VLM,h,0,1,early,False,0,0
15,2,Bot,h,4,2,early,False,0,0
15,3,VLM,h,0,0,early,False,0,0
15,4,Bot,v,0,4,early,False,0,0
15,5,VLM,v,0,0,early,False,0,0
15,6,Bot,h,2,0,early,False,0,0
15,7,VLM,v,1,0,early,False,0,0
15,8,Bot,h,4,3,early,False,0,0
15,9,VLM,v,3,0,early,False,0,0
15,10,Bot,h,2,2,early,False,0,0
15,11,VLM,h,4,0,mid,False,0,0
15,12,Bot,v,0,2,mid,False,0,0
15,13,VLM,v,3,4,mid,False,0,0
15,14,Bot,v,2,4,mid,False,0,0
15,15,VLM,h,0,3,mid,False,0,0
15,16,Bot,v,1,3,mid,False,0,0
15,17,VLM,v,2,1,mid,False,0,0
15,18,Bot,h,2,1,mid,False,0,0
15,19,VLM,v,3,2,mid,False,0,0
15,20,Bot,h,2,3,mid,False,0,0
15,21,VLM,h,4,1,mid,False,0,0
15,22,Bot,h,0,2,mid,False,0,0
15,23,VLM,h,1,3,mid,False,0,0
15,24,Bot,v,0,3,mid,True,0,0
15,25,Bot,h,1,2,mid,True,0,0
15,26,Bot,v,1,2,mid,True,0,0
15,27,Bot,v,1,4,late,True,0,0
15,28,Bot,v,2,0,late,False,0,0
15,29,VLM,h,3,0,late,True,4,4
15,30,VLM,v,3,1,late,True,4,4
15,31,VLM,h,3,1,late,True,4,4
15,32,VLM,v,2,2,late,True,4,4
15,33,VLM,v,2,3,late,False,4,4
15,34,Bot,h,3,2,late,True,4,4
15,35,Bot,h,3,3,late,True,4,4
15,36,Bot,v,3,3,late,True,4,4
15,37,Bot,h,1,1,late,False,4,4
15,38,VLM,v,0,1,late,True,8,8
15,39,VLM,h,1,0,late,True,8,8
15,40,VLM,v,1,1,late,True,8,8
16,1,VLM,v,0,4,early,False,0,0
16,2,Bot,v,3,2,early,False,0,0
16,3,VLM,v,1,2,early,False,0,0
16,4,Bot,v,0,1,early,False,0,0
16,5,VLM,v,2,0,early,False,0,0
16,6,Bot,h,3,1,early,False,0,0
16,7,VLM,v,3,4,early,False,0,0
16,8,Bot,h,4,3,early,False,0,0
16,9,VLM,v,1,3,early,False,0,0
16,10,Bot,h,3,0,early,False,0,0
16,11,VLM,v,0,0,mid,False,0,0
16,12,Bot,h,2,3,mid,False,0,0
16,13,VLM,h,3,2,mid,False,0,0
16,14,Bot,h,2,1,mid,False,0,0
16,15,VLM,h,0,2,mid,False,0,0
16,16,Bot,h,0,3,mid,False,0,0
16,17,VLM,h,0,1,mid,False,0,0
16,18,Bot,v,3,0,mid,False,0,0
16,19,VLM,v,1,0,mid,False,0,0
16,20,Bot,v,2,4,mid,False,0,0
16,21,VLM,h,4,1,mid,False,0,0
16,22,Bot,v,3,1,mid,True,0,0
16,23,Bot,h,4,0,mid,True,0,0
16,24,Bot,h,2,0,mid,False,0,0
16,25,VLM,h,1,0,mid,False,2,2
16,26,Bot,h,0,0,mid,True,0,0
16,27,Bot,v,1,1,late,True,0,0
16,28,Bot,h,1,1,late,True,0,0
16,29,Bot,v,0,2,late,True,0,0
16,30,Bot,v,2,1,late,True,0,0
16,31,Bot,v,2,2,late,True,0,0
16,32,Bot,v,2,3,late,False,0,0
16,33,VLM,v,1,4,late,False,8,8
16,34,Bot,h,1,3,late,True,0,0
16,35,Bot,h,2,2,late,True,0,0
16,36,Bot,h,1,2,late,True,0,0
16,37,Bot,h,3,3,late,True,0,0
16,38,Bot,v,0,3,late,True,0,0
16,39,Bot,v,3,3,late,True,0,0
16,40,Bot,h,4,2,late,True,0,0
17,1,VLM,v,1,2,early,False,0,0
17,2,Bot,h,1,1,early,False,0,0
17,3,VLM,v,1,3,early,False,0,0
17,4,Bot,v,2,4,early,False,0,0
17,5,VLM,v,1,4,early,False,0,0
17,6,Bot,v,0,3,early,False,0,0
17,7,VLM,v,1,0,early,False,0,0
17,8,Bot,h,1,0,early,False,0,0
17,9,VLM,v,0,2,early,False,0,0
17,10,Bot,h,4,3,early,False,0,0
17,11,VLM,v,0,0,mid,False,0,0
17,12,Bot,v,3,3,mid,False,0,0
17,13,VLM,v,2,3,mid,False,0,0
17,14,Bot,h,0,3,mid,False,0,0
17,15,VLM,v,2,1,mid,False,0,0
17,16,Bot,v,3,2,mid,False,0,0
17,17,VLM,v,3,1,mid,False,0,0
17,18,Bot,h,3,0,mid,False,0,0
17,19,VLM,v,2,2,mid,False,0,0
17,20,Bot,h,4,0,mid,False,0,0
17,21,VLM,v,3,0,mid,True,0,0
17,22,VLM,h,0,1,mid,False,0,0
17,23,Bot,v,0,1,mid,True,1,1
17,24,Bot,h,0,0,mid,True,1,1
17,25,Bot,h,3,2,mid,False,1,1
17,26,VLM,h,4,2,mid,True,2,2
17,27,VLM,h,2,2,late,True,2,2
17,28,VLM,h,1,2,late,True,2,2
17,29,VLM,h,0,2,late,True,2,2
17,30,VLM,v,3,4,late,False,2,2
17,31,Bot,h,3,3,late,True,5,5
17,32,Bot,h,2,3,late,True,5,5
17,33,Bot,h,1,3,late,True,5,5
17,34,Bot,v,0,4,late,True,5,5
17,35,Bot,h,4,1,late,False,5,5
17,36,VLM,h,3,1,late,True,6,6
17,37,VLM,h,2,1,late,True,6,6
17,38,VLM,v,1,1,late,True,6,6
17,39,VLM,h,2,0,late,True,6,6
17,40,VLM,v,2,0,late,True,6,6
18,1,VLM,v,0,0,early,False,0,0
18,2,Bot,h,2,3,early,False,0,0
18,3,VLM,v,0,3,early,False,0,0
18,4,Bot,v,3,2,early,False,0,0
18,5,VLM,v,3,0,early,False,0,0
18,6,Bot,v,2,3,early,False,0,0
18,7,VLM,v,2,1,early,False,0,0
18,8,Bot,v,3,1,early,False,0,0
18,9,VLM,v,1,1,early,False,0,0
18,10,Bot,h,0,2,early,False,0,0
18,11,VLM,v,0,1,mid,False,0,0
18,12,Bot,h,4,2,mid,False,0,0
18,13,VLM,v,0,4,mid,False,0,0
18,14,Bot,v,1,0,mid,False,0,0
18,15,VLM,v,1,4,mid,False,0,0
18,16,Bot,v,3,4,mid,False,0,0
18,17,VLM,h,4,3,mid,False,0,0
18,18,Bot,v,2,0,mid,False,0,0
18,19,VLM,v,2,2,mid,False,0,0
18,20,Bot,h,1,1,mid,False,0,0
18,21,VLM,h,1,2,mid,False,0,0
18,22,Bot,v,0,2,mid,True,0,0
18,23,Bot,h,0,1,mid,True,0,0
18,24,Bot,h,1,0,mid,False,0,0
18,25,VLM,h,0,0,mid,True,2,2
18,26,VLM,h,2,0,mid,True,2,2
18,27,VLM,h,3,0,late,True,2,2
18,28,VLM,h,4,0,late,True,2,2
18,29,VLM,h,3,1,late,False,2,2
18,30,Bot,h,2,1,late,True,4,4
18,31,Bot,h,4,1,late,True,4,4
18,32,Bot,v,1,2,late,True,4,4
18,33,Bot,v,1,3,late,False,4,4
18,34,VLM,h,2,2,late,True,5,5
18,35,VLM,h,3,2,late,True,5,5
18,36,VLM,v,3,3,late,True,5,5
18,37,VLM,h,3,3,late,True,5,5
18,38,VLM,v,2,4,late,True,5,5
18,39,VLM,h,1,3,late,True,5,5
18,40,VLM,h,0,3,late,True,5,5
19,1,VLM,v,3,3,early,False,0,0
19,2,Bot,v,3,0,early,False,0,0
19,3,VLM,v,3,1,early,False,0,0
19,4,Bot,h,4,1,early,False,0,0
19,5,VLM,h,3,2,early,False,0,0
19,6,Bot,h,1,3,early,False,0,0
19,7,VLM,v,1,3,early,False,0,0
19,8,Bot,h,0,3,early,False,0,0
19,9,VLM,h,0,2,early,False,0,0
19,10,Bot,v,2,2,early,False,0,0
19,11,VLM,v,1,2,mid,False,0,0
19,12,Bot,v,1,0,mid,False,0,0
19,13,VLM,v,0,0,mid,False,0,0
19,14,Bot,v,1,1,mid,False,0,0
19,15,VLM,v,2,1,mid,False,0,0
19,16,Bot,v,2,0,mid,False,0,0
19,17,VLM,v,0,1,mid,False,0,0
19,18,Bot,h,0,1,mid,False,0,0
19,19,VLM,v,2,4,mid,False,0,0
19,20,Bot,h,3,3,mid,False,0,0
19,21,VLM,h,4,3,mid,False,0,0
19,22,Bot,v,3,4,mid,True,0,0
19,23,Bot,h,1,0,mid,False,0,0
19,24,VLM,h,0,0,mid,True,1,1
19,25,VLM,h,2,0,mid,True,1,1
19,26,VLM,h,3,0,mid,True,1,1
19,27,VLM,h,4,0,late,True,1,1
19,28,VLM,v,1,4,late,False,1,1
19,29,Bot,h,2,3,late,True,4,4
19,30,Bot,v,2,3,late,True,4,4
19,31,Bot,h,2,2,late,True,4,4
19,32,Bot,h,1,2,late,True,4,4
19,33,Bot,h,4,2,late,False,4,4
19,34,VLM,v,3,2,late,True,5,5
19,35,VLM,h,3,1,late,True,5,5
19,36,VLM,h,2,1,late,True,5,5
19,37,VLM,h,1,1,late,True,5,5
19,38,VLM,v,0,2,late,True,5,5
19,39,VLM,v,0,3,late,True,5,5
19,40,VLM,v,0,4,late,True,5,5
20,1,VLM,v,0,2,early,False,0,0
20,2,Bot,v,3,2,early,False,0,0
20,3,VLM,v,1,2,early,False,0,0
20,4,Bot,h,0,0,early,False,0,0
20,5,VLM,v,2,2,early,False,0,0
20,6,Bot,h,3,2,early,False,0,0
20,7,VLM,v,2,1,early,False,0,0
20,8,Bot,h,1,2,early,False,0,0
20,9,VLM,v,1,1,early,False,0,0
20,10,Bot,v,0,1,early,False,0,0
20,11,VLM,v,1,0,mid,False,0,0
20,12,Bot,h,3,0,mid,False,0,0
20,13,VLM,v,3,0,mid,False,0,0
20,14,Bot,h,4,3,mid,False,0,0
20,15,VLM,v,3,4,mid,False,0,0
20,16,Bot,h,2,3,mid,False,0,0
20,17,VLM,v,1,4,mid,False,0,0
20,18,Bot,h,0,3,mid,False,0,0
20,19,VLM,v,0,4,mid,False,0,0
20,20,Bot,h,4,1,mid,False,0,0
20,21,VLM,v,2,4,mid,False,0,0
20,22,Bot,v,0,0,mid,False,0,0
20,23,VLM,h,1,0,mid,True,0,0
20,24,VLM,h,2,0,mid,True,0,0
20,25,VLM,v,2,0,mid,True,0,0
20,26,VLM,h,4,0,mid,False,0,0
20,27,Bot,v,3,1,late,True,3,3
20,28,Bot,h,3,1,late,True,3,3
20,29,Bot,h,2,1,late,True,3,3
20,30,Bot,h,1,1,late,True,3,3
20,31,Bot,h,0,1,late,True,3,3
20,32,Bot,h,4,2,late,False,3,3
20,33,VLM,v,3,3,late,True,5,5
20,34,VLM,h,3,3,late,True,5,5
20,35,VLM,v,2,3,late,True,5,5
20,36,VLM,h,2,2,late,True,5,5
20,37,VLM,v,1,3,late,True,5,5
20,38,VLM,h,1,3,late,True,5,5
20,39,VLM,v,0,3,late,True,5,5
20,40,VLM,h,0,2,late,True,5,5
21,1,VLM,v,0,0,early,False,0,0
21,2,Bot,h,0,3,early,False,0,0
21,3,VLM,v,1,0,early,False,0,0
21,4,Bot,h,1,3,early,False,0,0
21,5,VLM,v,2,0,early,False,0,0
21,6,Bot,v,3,2,early,False,0,0
21,7,VLM,v,3,0,early,False,0,0
21,8,Bot,h,2,0,early,False,0,0
21,9,VLM,v,1,2,early,False,0,0
21,10,Bot,h,1,2,early,False,0,0
21,11,VLM,v,0,1,mid,False,0,0
21,12,Bot,h,0,2,mid,False,0,0
21,13,VLM,v,3,1,mid,False,0,0
21,14,Bot,h,4,2,mid,False,0,0
21,15,VLM,v,3,4,mid,False,0,0
21,16,Bot,h,2,1,mid,False,0,0
21,17,VLM,v,2,4,mid,False,0,0
21,18,Bot,h,0,1,mid,False,0,0
21,19,VLM,v,2,3,mid,False,0,0
21,20,Bot,v,2,2,mid,False,0,0
21,21,VLM,v,2,1,mid,False,0,0
21,22,Bot,h,3,0,mid,True,0,0
21,23,Bot,h,3,1,mid,True,0,0
21,24,Bot,h,4,0,mid,True,0,0
21,25,Bot,h,4,1,mid,True,0,0
21,26,Bot,v,1,4,mid,False,0,0
21,27,VLM,h,2,3,late,False,4,4
21,28,Bot,h,3,3,late,True,0,0
21,29,Bot,v,1,3,late,True,0,0
21,30,Bot,h,2,2,late,True,0,0
21,31,Bot,h,3,2,late,True,0,0
21,32,Bot,v,3,3,late,True,0,0
21,33,Bot,h,4,3,late,True,0,0
21,34,Bot,v,0,2,late,False,0,0
21,35,VLM,v,0,3,late,True,10,10
21,36,VLM,v,0,4,late,True,10,10
21,37,VLM,h,1,1,late,True,10,10
21,38,VLM,v,1,1,late,True,10,10
21,39,VLM,h,1,0,late,True,10,10
21,40,VLM,h,0,0,late,True,10,10
22,1,VLM,v,0,0,early,False,0,0
22,2,Bot,h,3,2,early,False,0,0
22,3,VLM,v,1,0,early,False,0,0
22,4,Bot,v,2,0,early,False,0,0
22,5,VLM,v,3,0,early,False,0,0
22,6,Bot,h,4,0,early,False,0,0
22,7,VLM,v,0,1,early,False,0,0
22,8,Bot,h,3,1,early,False,0,0
22,9,VLM,v,1,1,early,False,0,0
22,10,Bot,h,4,2,early,False,0,0
22,11,VLM,v,2,1,mid,False,0,0
22,12,Bot,v,0,3,mid,False,0,0
22,13,VLM,v,3,4,mid,False,0,0
22,14,Bot,h,1,2,mid,False,0,0
22,15,VLM,v,2,4,mid,False,0,0
22,16,Bot,h,4,1,mid,False,0,0
22,17,VLM,v,1,4,mid,False,0,0
22,18,Bot,h,1,3,mid,False,0,0
22,19,VLM,v,1,3,mid,False,0,0
22,20,Bot,h,2,3,mid,True,0,0
22,21,Bot,h,4,3,mid,False,0,0
22,22,VLM,v,0,4,mid,False,1,1
22,23,Bot,h,0,3,mid,True,0,0
22,24,Bot,h,0,1,mid,False,0,0
22,25,VLM,v,0,2,mid,False,2,2
22,26,Bot,h,0,2,mid,True,0,0
22,27,Bot,h,1,1,late,True,0,0
22,28,Bot,v,2,3,late,False,0,0
22,29,VLM,h,3,3,late,True,4,4
22,30,VLM,v,3,3,late,True,4,4
22,31,VLM,v,3,2,late,True,4,4
22,32,VLM,v,3,1,late,True,4,4
22,33,VLM,h,3,0,late,True,4,4
22,34,VLM,h,2,0,late,True,4,4
22,35,VLM,h,1,0,late,True,4,4
22,36,VLM,h,0,0,late,True,4,4
22,37,VLM,h,2,1,late,False,4,4
22,38,Bot,v,1,2,late,True,8,8
22,39,Bot,h,2,2,late,True,8,8
22,40,Bot,v,2,2,late,True,8,8
23,1,VLM,v,0,4,early,False,0,0
23,2,Bot,h,0,2,early,False,0,0
23,3,VLM,v,1,4,early,False,0,0
23,4,Bot,h,4,2,early,False,0,0
23,5,VLM,v,2,4,early,False,0,0
23,6,Bot,v,2,1,early,False,0,0
23,7,VLM,v,3,4,early,False,0,0
23,8,Bot,h,1,2,early,False,0,0
23,9,VLM,v,1,3,early,False,0,0
23,10,Bot,h,1,1,early,False,0,0
23,11,VLM,v,2,3,mid,False,0,0
23,12,Bot,h,0,3,mid,False,0,0
23,13,VLM,v,3,3,mid,False,0,0
23,14,Bot,h,0,1,mid,False,0,0
23,15,VLM,h,0,0,mid,False,0,0
23,16,Bot,h,3,0,mid,False,0,0
23,17,VLM,v,0,0,mid,False,0,0
23,18,Bot,v,1,0,mid,False,0,0
23,19,VLM,v,3,0,mid,False,0,0
23,20,Bot,v,1,1,mid,False,0,0
23,21,VLM,h,3,1,mid,False,0,0
23,22,Bot,h,4,1,mid,False,0,0
23,23,VLM,h,3,2,mid,False,0,0
23,24,Bot,v,3,2,mid,True,0,0
23,25,Bot,v,3,1,mid,True,0,0
23,26,Bot,h,4,0,mid,True,0,0
23,27,Bot,v,1,2,late,False,0,0
23,28,VLM,h,2,1,late,True,3,3
23,29,VLM,v,2,2,late,True,3,3
23,30,VLM,h,2,2,late,True,3,3
23,31,VLM,h,2,0,late,False,3,3
23,32,Bot,h,1,0,late,True,4,4
23,33,Bot,v,0,1,late,True,4,4
23,34,Bot,v,0,2,late,True,4,4
23,35,Bot,v,0,3,late,True,4,4
23,36,Bot,h,1,3,late,True,4,4
23,37,Bot,h,2,3,late,True,4,4
23,38,Bot,h,3,3,late,True,4,4
23,39,Bot,h,4,3,late,True,4,4
23,40,Bot,v,2,0,late,True,4,4
24,1,VLM,v,0,2,early,False,0,0
24,2,Bot,h,1,2,early,False,0,0
24,3,VLM,v,0,1,early,False,0,0
24,4,Bot,v,3,3,early,False,0,0
24,5,VLM,h,2,1,early,False,0,0
24,6,Bot,h,2,3,early,False,0,0
24,7,VLM,h,2,2,early,False,0,0
24,8,Bot,h,3,0,early,False,0,0
24,9,VLM,h,2,0,early,False,0,0
24,10,Bot,h,4,3,early,False,0,0
24,11,VLM,h,3,1,mid,False,0,0
24,12,Bot,h,1,0,mid,False,0,0
24,13,VLM,h,3,2,mid,False,0,0
24,14,Bot,v,0,4,mid,False,0,0
24,15,VLM,v,3,1,mid,False,0,0
24,16,Bot,v,1,4,mid,False,0,0
24,17,VLM,v,2,4,mid,False,0,0
24,18,Bot,h,0,3,mid,False,0,0
24,19,VLM,v,3,0,mid,False,0,0
24,20,Bot,h,4,0,mid,True,0,0
24,21,Bot,h,0,1,mid,False,0,0
24,22,VLM,h,1,1,mid,True,1,1
24,23,VLM,v,0,0,mid,False,1,1
24,24,Bot,h,0,0,mid,True,1,1
24,25,Bot,v,2,3,mid,False,1,1
24,26,VLM,h,3,3,mid,True,2,2
24,27,VLM,v,3,4,late,True,2,2
24,28,VLM,v,2,2,late,True,2,2
24,29,VLM,v,2,1,late,True,2,2
24,30,VLM,v,2,0,late,True,2,2
24,31,VLM,v,3,2,late,False,2,2
24,32,Bot,h,4,1,late,True,6,6
24,33,Bot,h,4,2,late,True,6,6
24,34,Bot,v,0,3,late,False,6,6
24,35,VLM,h,0,2,late,True,4,4
24,36,VLM,h,1,3,late,True,4,4
24,37,VLM,v,1,3,late,True,4,4
24,38,VLM,v,1,2,late,True,4,4
24,39,VLM,v,1,1,late,True,4,4
24,40,VLM,v,1,0,late,True,4,4
25,1,VLM,v,1,2,early,False,0,0
25,2,Bot,v,0,0,early,False,0,0
25,3,VLM,h,0,0,early,False,0,0
25,4,Bot,v,0,4,early,False,0,0
25,5,VLM,h,0,3,early,False,0,0
25,6,Bot,v,1,4,early,False,0,0
25,7,VLM,v,1,3,early,False,0,0
25,8,Bot,v,2,4,early,False,0,0
25,9,VLM,v,2,3,early,False,0,0
25,10,Bot,v,3,4,early,False,0,0
25,11,VLM,h,4,3,mid,False,0,0
25,12,Bot,h,4,2,mid,False,0,0
25,13,VLM,h,3,2,mid,False,0,0
25,14,Bot,v,0,2,mid,False,0,0
25,15,VLM,h,3,1,mid,False,0,0
25,16,Bot,v,3,0,mid,False,0,0
25,17,VLM,h,4,0,mid,False,0,0
25,18,Bot,v,2,0,mid,False,0,0
25,19,VLM,h,4,1,mid,False,0,0
25,20,Bot,v,1,0,mid,False,0,0
25,21,VLM,v,1,1,mid,False,0,0
25,22,Bot,h,0,1,mid,False,0,0
25,23,VLM,h,0,2,mid,False,0,0
25,24,Bot,v,2,1,mid,False,0,0
25,25,VLM,v,2,2,mid,False,0,0
25,26,Bot,h,2,2,mid,True,0,0
25,27,Bot,h,1,2,late,True,0,0
25,28,Bot,h,2,1,late,True,0,0
25,29,Bot,h,1,1,late,True,0,0
25,30,Bot,v,0,1,late,True,0,0
25,31,Bot,h,1,0,late,True,0,0
25,32,Bot,h,2,0,late,True,0,0
25,33,Bot,h,3,0,late,True,0,0
25,34,Bot,v,3,1,late,True,0,0
25,35,Bot,v,3,2,late,True,0,0
25,36,Bot,v,3,3,late,True,0,0
25,37,Bot,h,3,3,late,True,0,0
25,38,Bot,h,2,3,late,True,0,0
25,39,Bot,h,1,3,late,True,0,0
25,40,Bot,v,0,3,late,True,0,0
26,1,Bot,v,0,0,early,False,0,0
26,2,VLM,v,3,2,early,False,0,0
26,3,Bot,v,0,4,early,False,0,0
26,4,VLM,h,2,2,early,False,0,0
26,5,Bot,v,2,4,early,False,0,0
26,6,VLM,h,4,0,early,False,0,0
26,7,Bot,v,2,0,early,False,0,0
26,8,VLM,h,0,3,early,False,0,0
26,9,Bot,v,3,4,early,False,0,0
26,10,VLM,v,0,2,early,False,0,0
26,11,Bot,v,1,4,mid,False,0,0
26,12,VLM,h,1,2,mid,False,0,0
26,13,Bot,v,0,1,mid,False,0,0
26,14,VLM,v,2,1,mid,False,0,0
26,15,Bot,v,1,1,mid,False,0,0
26,16,VLM,h,4,2,mid,False,0,0
26,17,Bot,v,3,1,mid,False,0,0
26,18,VLM,h,2,1,mid,False,0,0
26,19,Bot,h,4,3,mid,False,0,0
26,20,VLM,v,1,0,mid,False,0,0
26,21,Bot,v,2,3,mid,False,0,0
26,22,VLM,v,3,3,mid,False,0,0
26,23,Bot,h,3,2,mid,True,0,1
26,24,Bot,v,2,2,mid,True,1,2
26,25,Bot,h,3,1,mid,True,2,3
26,26,Bot,h,4,1,mid,True,3,4
26,27,Bot,h,1,0,late,False,4,4
26,28,VLM,h,0,0,late,True,0,1
26,29,VLM,h,2,0,late,True,1,2
26,30,VLM,h,3,0,late,True,2,3
26,31,VLM,h,3,3,late,True,3,4
26,32,VLM,h,2,3,late,True,4,5
26,33,VLM,v,3,0,late,True,5,6
26,34,VLM,h,1,3,late,False,6,6
26,35,Bot,v,0,3,late,True,4,5
26,36,Bot,h,0,2,late,True,5,6
26,37,Bot,v,1,3,late,True,6,7
26,38,Bot,v,1,2,late,True,7,8
26,39,Bot,h,1,1,late,True,8,9
26,40,Bot,h,0,1,late,True,9,10
